{"cameraMode":{"drawMode":0,"name":"Shaded","section":"Shading Mode"},"sceneLighting":false,"audioPlay":false,"sceneViewState":{"m_AlwaysRefresh":false,"showFog":true,"showSkybox":false,"showFlares":true,"showImageEffects":true,"showParticleSystems":true,"showVisualEffectGraphs":true,"m_FxEnabled":true},"in2DMode":false,"pivot":{"x":-0.147586852312088,"y":0.5817292928695679,"z":1.1211457252502442},"rotation":{"x":-0.23211845755577088,"y":0.021005751565098764,"z":-0.0050147948786616329,"w":-0.9724534153938294},"size":2.0277273654937746,"orthographic":false}